{"graph": {"_type": "graph-file", "path": "media/graph/graph_summary_1ade96f0.graph.json", "sha256": "1ade96f005c136e65daa843c56719b719cf5b6068d3c90d21d88ee742b8d8124", "size": 738}, "_runtime": 96.23476958274841, "mae": 1.481188178062439, "val_mse": 15.161210060119629, "val_loss": 15.161210060119629, "mse": 4.1786017417907715, "epoch": 49, "val_mae": 2.5615572929382324, "_step": 49, "_timestamp": 1589476898.9364667, "loss": 4.17860221862793, "best_val_loss": 14.884323120117188, "best_epoch": 46}
