{"graph": {"_type": "graph-file", "path": "media/graph/graph_summary_35cb75ae.graph.json", "sha256": "35cb75aeb12f20e9db8f73842bd48721872049915a06c34e0ebabb3bee58d0ee", "size": 738}, "_runtime": 15.64102292060852, "mae": 1.4570896625518799, "val_mse": 13.86522388458252, "val_loss": 13.86522388458252, "mse": 3.727609634399414, "epoch": 79, "val_mae": 2.3839757442474365, "_step": 79, "_timestamp": 1589477593.9347515, "loss": 3.727609634399414, "best_val_loss": 13.644196510314941, "best_epoch": 77}
