{"graph": {"_type": "graph-file", "path": "media/graph/graph_summary_485b6120.graph.json", "sha256": "485b61201116bb8d1f88b7233a701f10575d36e883707d82acad1ca07aa3b127", "size": 720}, "val_loss": 49.1180218226874, "epoch": 49, "mse": 22.807214736938477, "mae": 3.4946720600128174, "_timestamp": 1587059904.5470502, "_step": 49, "_runtime": 4.0735764503479, "val_mse": 49.11802673339844, "val_mae": 4.297397613525391, "loss": 22.807213580166852, "best_val_loss": 43.79881992624767, "best_epoch": 47}
