{"graph": {"_type": "graph-file", "path": "media/graph/graph_summary_f966b5ab.graph.json", "sha256": "f966b5ab19dd1ef61d3c019fc54c24e32c083180c570070ff810438cc261d3c1", "size": 741}, "epoch": 49, "_runtime": 94.17432951927185, "mae": 1.910791039466858, "_step": 49, "mse": 6.7015180587768555, "loss": 6.7015180587768555, "_timestamp": 1589476643.747424, "val_loss": 16.08710289001465, "val_mae": 2.71785044670105, "val_mse": 16.087100982666016, "best_val_loss": 15.575982093811035, "best_epoch": 47}
