{"graph": {"_type": "graph-file", "path": "media/graph/graph_summary_1b8dd59f.graph.json", "sha256": "1b8dd59f0921819e009df8536bbcdf49b0a7d2897202d4db4641edc047fe1fc4", "size": 738}, "_runtime": 10.4408278465271, "mae": 4.78306770324707, "val_mse": 67.47671508789062, "val_loss": 67.47671508789062, "mse": 39.88059997558594, "epoch": 49, "val_mae": 6.035562992095947, "_step": 49, "_timestamp": 1589477218.6271045, "loss": 39.88059997558594, "best_val_loss": 67.47671508789062, "best_epoch": 49}
