{"graph": {"_type": "graph-file", "path": "media/graph/graph_summary_0cac889f.graph.json", "sha256": "0cac889fb46e9d6b1ca010550a3cab0a6cd65a5164d90810daf4e099313d5ef3", "size": 756}, "_step": 49, "_timestamp": 1587271678.3358076, "loss": 4.781650295963994, "val_mse": 15.449652671813965, "val_loss": 15.449650422850652, "val_mae": 2.5858030319213867, "mse": 4.781651020050049, "mae": 1.6202466487884521, "epoch": 49, "_runtime": 6.347064971923828, "best_val_loss": 14.937349372835302, "best_epoch": 46}
