{"graph": {"_type": "graph-file", "path": "media/graph/graph_summary_72817fa3.graph.json", "sha256": "72817fa3bcbde5c23568bdda003a4176e9d894f81a15ddfb5a8f41e4f5982ab7", "size": 738}, "val_loss": 14.722144717600807, "epoch": 49, "_runtime": 35.693532943725586, "val_mae": 2.518540620803833, "_timestamp": 1582224772.7083285, "val_mse": 14.72214412689209, "_step": 49, "loss": 3.635988939691473, "mse": 3.63598895072937, "mae": 1.4124329090118408, "best_val_loss": 14.366417166012436, "best_epoch": 45}
