{"graph": {"_type": "graph-file", "path": "media/graph/graph_summary_5e192a42.graph.json", "sha256": "5e192a4285ea16556a9c8d4cf37b88e3376c5b0ef24094a8508062095d070d12", "size": 738}, "val_loss": 14.368408206683487, "epoch": 49, "_runtime": 190.7259383201599, "val_mae": 2.507340431213379, "_timestamp": 1582223951.2719834, "val_mse": 14.368409156799316, "_step": 49, "loss": 4.264615184730953, "mse": 4.264615058898926, "mae": 1.5280613899230957, "best_val_loss": 14.368408206683487, "best_epoch": 49}
