{"best_epoch": 47, "epoch": 49, "_runtime": 5.331315040588379, "mae": 2.6669604778289795, "_step": 49, "mse": 13.363829612731934, "loss": 13.363829612731934, "_timestamp": 1589477487.6470323, "val_loss": 16.847326278686523, "val_mae": 2.7970829010009766, "val_mse": 16.847326278686523, "best_val_loss": 15.057953834533691}
