{"graph": {"_type": "graph-file", "path": "media/graph/graph_summary_6b6fcd09.graph.json", "sha256": "6b6fcd099f4a428caf1c403a16b84dfed8db23ee1879c06a02a88e2d616d84af", "size": 756}, "mae": 1.4341645240783691, "mse": 3.9218618869781494, "val_loss": 14.844105802365203, "_timestamp": 1582224736.5629041, "loss": 3.9218620547541865, "epoch": 49, "_step": 49, "_runtime": 487.6474952697754, "val_mse": 14.84410572052002, "val_mae": 2.5713415145874023, "best_val_loss": 14.470977242313214, "best_epoch": 47}
