{"graph": {"_type": "graph-file", "path": "media/graph/graph_summary_49a47fac.graph.json", "sha256": "49a47fac9603f3a6314d57fa965dca47fbb4777b44260378ff94f70fdb1a3bb2", "size": 738}, "_runtime": 8.011739015579224, "mae": 19.6158447265625, "val_mse": 547.07470703125, "val_loss": -1.0, "mse": 461.904052734375, "epoch": 49, "val_mae": 21.22186279296875, "_step": 49, "_timestamp": 1589477081.3492527, "loss": -1.0, "best_val_loss": -1.0, "best_epoch": 1}
