{"graph": {"_type": "graph-file", "path": "media/graph/graph_summary_5e192a42.graph.json", "sha256": "5e192a4285ea16556a9c8d4cf37b88e3376c5b0ef24094a8508062095d070d12", "size": 738}, "_runtime": 9.230470180511475, "mae": 1.6528257131576538, "val_mse": 15.025522232055664, "val_loss": 15.025522232055664, "mse": 4.705636978149414, "epoch": 49, "val_mae": 2.5832698345184326, "_step": 49, "_timestamp": 1589477309.8716178, "loss": 4.705636978149414, "best_val_loss": 14.974427223205566, "best_epoch": 44}
