{"graph": {"_type": "graph-file", "path": "media/graph/graph_summary_35cb75ae.graph.json", "sha256": "35cb75aeb12f20e9db8f73842bd48721872049915a06c34e0ebabb3bee58d0ee", "size": 738}, "val_loss": 14.597034061132971, "epoch": 99, "_runtime": 8.811639308929443, "val_mae": 2.428821086883545, "_timestamp": 1582225078.01761, "val_mse": 14.59703540802002, "_step": 99, "loss": 2.3494277165995703, "mse": 2.3494277000427246, "mae": 1.1483829021453857, "best_val_loss": 14.049887210575502, "best_epoch": 95}
