{"graph": {"_type": "graph-file", "path": "media/graph/graph_summary_72817fa3.graph.json", "sha256": "72817fa3bcbde5c23568bdda003a4176e9d894f81a15ddfb5a8f41e4f5982ab7", "size": 738}, "_runtime": 10.354562997817993, "mae": 1.3899688720703125, "val_mse": 13.194966316223145, "val_loss": 13.194966316223145, "mse": 3.302824020385742, "epoch": 79, "val_mae": 2.3418660163879395, "_step": 79, "_timestamp": 1589477453.974208, "loss": 3.302824020385742, "best_val_loss": 12.851083755493164, "best_epoch": 47}
