{"graph": {"_type": "graph-file", "path": "media/graph/graph_summary_415dc78f.graph.json", "sha256": "415dc78f6403db5d46881731cd1692a8135d0d8a45a6e1f039d83cae585a3b89", "size": 756}, "mae": 1.8341034650802612, "mse": 6.263973712921143, "val_loss": 15.527754772954912, "_timestamp": 1582224937.5465589, "loss": 6.2639736157876476, "epoch": 49, "_step": 49, "_runtime": 7.06364369392395, "val_mse": 15.527755737304688, "val_mae": 2.525270462036133, "best_val_loss": 15.527754772954912, "best_epoch": 49}
