{"graph": {"_type": "graph-file", "path": "media/graph/graph_summary_d2adedc4.graph.json", "sha256": "d2adedc46d0375c797d7feebb65b52f5c6929b3e1c2f7104afbea7dd7c7a0b76", "size": 756}, "_runtime": 9.375766515731812, "mae": 1.497986078262329, "val_mse": 13.925689697265625, "val_loss": 13.925689697265625, "mse": 4.134228229522705, "epoch": 79, "val_mae": 2.460861921310425, "_step": 79, "_timestamp": 1589519247.432715, "loss": 4.134228229522705, "best_val_loss": 13.848910331726074, "best_epoch": 77}
