{"graph": {"_type": "graph-file", "path": "media/graph/graph_summary_b32c0128.graph.json", "sha256": "b32c012838b01b0045d2181d4d26a6bfc0630a8b9eb56ca1989cbd4e19a94e48", "size": 727}, "val_loss": 23.26386635339082, "epoch": 499, "mse": 3.164489507675171, "mae": 1.315276026725769, "_timestamp": 1587060054.5386086, "_step": 499, "_runtime": 21.805578470230103, "val_mse": 23.263866424560547, "val_mae": 3.3637852668762207, "loss": 3.1644894900145353, "best_val_loss": 19.37690702836905, "best_epoch": 271}
