{"graph": {"_type": "graph-file", "path": "media/graph/graph_summary_d200a3e2.graph.json", "sha256": "d200a3e2cfa7659ec9515e78de179e654bd0c873a9728f5663b97e4a221af6ec", "size": 1036}, "epoch": 49, "_runtime": 7.5685014724731445, "mae": 2.8713884353637695, "_step": 49, "mse": 14.538505554199219, "loss": 14.538505554199219, "_timestamp": 1589477332.5204105, "val_loss": 15.619887351989746, "val_mae": 2.510958433151245, "val_mse": 15.619887351989746, "best_val_loss": 15.561783790588379, "best_epoch": 48}
