{"graph": {"_type": "graph-file", "path": "media/graph/graph_summary_207125c2.graph.json", "sha256": "207125c2772c9235af23b3109a98af2a49ef16ef0f8b433847acbb843e3953d8", "size": 756}, "_step": 49, "_timestamp": 1587273308.7605474, "loss": 4.646236349035193, "val_mse": 15.535839080810547, "val_loss": 15.535840803117894, "val_mae": 2.5910849571228027, "mse": 4.646235942840576, "mae": 1.611143946647644, "epoch": 49, "_runtime": 6.745759010314941, "best_val_loss": 15.535840803117894, "best_epoch": 49}
