{"graph": {"_type": "graph-file", "path": "media/graph/graph_summary_485b6120.graph.json", "sha256": "485b61201116bb8d1f88b7233a701f10575d36e883707d82acad1ca07aa3b127", "size": 720}, "loss": 3.6336238825762712, "_timestamp": 1587060178.0092275, "_step": 49, "mae": 1.418014645576477, "val_mae": 2.5921409130096436, "val_mse": 14.77499771118164, "_runtime": 10.0551598072052, "mse": 3.6336236000061035, "epoch": 49, "val_loss": 14.774998202252744, "best_val_loss": 14.725999383784051, "best_epoch": 46}
