{"graph": {"_type": "graph-file", "path": "media/graph/graph_summary_6b6fcd09.graph.json", "sha256": "6b6fcd099f4a428caf1c403a16b84dfed8db23ee1879c06a02a88e2d616d84af", "size": 756}, "_step": 49, "_timestamp": 1587271540.9509337, "loss": 3.8668726550208197, "val_mse": 14.736098289489746, "val_loss": 14.73609676645763, "val_mae": 2.545616388320923, "mse": 3.866872787475586, "mae": 1.4473835229873657, "epoch": 49, "_runtime": 10.748970746994019, "best_val_loss": 14.217496192277368, "best_epoch": 32}
