{"graph": {"_type": "graph-file", "path": "media/graph/graph_summary_c9799dff.graph.json", "sha256": "c9799dfffe522a16ea778688b84f3062c132167f4d3c38f32723bd6420ab34d2", "size": 756}, "mae": 1.9148539304733276, "mse": 7.136897563934326, "val_loss": 15.49599234737567, "_timestamp": 1582225407.768228, "loss": 7.136896601429692, "epoch": 49, "_step": 49, "_runtime": 8.214108228683472, "val_mse": 15.495993614196777, "val_mae": 2.693117141723633, "best_val_loss": 14.353526787971383, "best_epoch": 48}
