{"graph": {"path": "media/graph/graph_summary_b397fcdf.graph.json", "size": 738, "_type": "graph-file", "sha256": "b397fcdf5e971e334b8f524f748d7ea6ed211b006c6b332669b8a57092c8432a"}, "loss": 6.754159212112427, "val_loss": 16.444212315687494, "_timestamp": 1587133422.4826205, "mean_absolute_error": 1.8999674320220947, "val_mean_absolute_error": 2.7000155448913574, "_step": 49, "val_mean_squared_error": 16.4442138671875, "epoch": 49, "mean_squared_error": 6.754159450531006, "_runtime": 23.464995622634888, "best_val_loss": 15.492157288451692, "best_epoch": 48}
