{"graph": {"_type": "graph-file", "path": "media/graph/graph_summary_551f7cc3.graph.json", "sha256": "551f7cc3177e09a5efb2e3d18e9c18b775080b5ec76d63056813c02ce60a3312", "size": 738}, "loss": 4.868286989353321, "val_loss": 16.9843204768736, "_timestamp": 1587133018.8745158, "mean_absolute_error": 1.6410247087478638, "val_mean_absolute_error": 2.725328207015991, "_step": 49, "val_mean_squared_error": 16.984317779541016, "epoch": 49, "mean_squared_error": 4.868287563323975, "_runtime": 29.03885555267334, "best_val_loss": 16.9843204768736, "best_epoch": 49}
